date,code,conf,ret_pct,exit,sessions,r1_ok,avg_conf_top10
2026-09-22,005930,0.1429,-7.0,stop,5,False,0.1429
2026-09-22,332370,0.1429,0.194,open(기간부족/미확정),5,False,0.1429
2026-09-22,012700,0.1429,0.518,open(기간부족/미확정),5,False,0.1429
2026-09-23,223310,0.4839,-7.0,stop,4,False,0.4648
2026-09-23,010960,0.4742,0.0,open(기간부족/미확정),4,False,0.4648
2026-09-23,214680,0.4702,-7.0,stop,2,False,0.4648
2026-09-24,058730,0.5197,-2.171,open(기간부족/미확정),4,False,0.5039
2026-09-24,348370,0.5174,7.232,open(기간부족/미확정),4,False,0.5039
2026-09-24,111710,0.5145,-1.408,open(기간부족/미확정),4,False,0.5039
2026-09-25,420570,0.778,3.152,open(기간부족/미확정),4,True,0.7463
2026-09-25,226340,0.7675,15.0,tp,2,True,0.7463
2026-09-27,420570,0.778,3.152,open(기간부족/미확정),4,True,0.7384
2026-09-27,226340,0.7675,15.0,tp,2,True,0.7384
2026-09-27,037950,0.743,15.0,tp,4,True,0.7384
2026-09-29,0051G0,0.8219,1.379,open(기간부족/미확정),2,True,0.759
2026-09-29,498610,0.7914,1.086,open(기간부족/미확정),2,True,0.759
2026-09-29,282620,0.7784,-2.787,open(기간부족/미확정),2,True,0.759
2026-09-30,282620,0.8109,0.084,open(기간부족/미확정),1,True,0.7545
2026-09-30,483350,0.7732,0.0,open(기간부족/미확정),1,True,0.7545
2026-09-30,225060,0.7647,-0.062,open(기간부족/미확정),1,True,0.7545
