date,n,avg_score_top10,avg_daychg_top10,r1_ok,heat_ok,gate_open
2026-05-26,20,89.29,27.95,True,False,False
2026-05-27,20,87.09,19.21,False,False,False
2026-05-28,20,86.46,21.8,False,False,False
2026-05-29,20,85.33,18.85,False,False,False
2026-06-01,20,85.81,18.3,False,False,False
2026-06-02,20,85.58,19.7,False,False,False
2026-06-04,20,82.3,21.78,False,False,False
2026-06-05,20,85.55,20.9,False,False,False
2026-06-08,20,81.68,21.08,False,False,False
2026-06-09,20,87.24,23.81,False,False,False
2026-06-10,20,88.04,20.43,True,False,False
2026-06-11,20,88.45,23.52,True,False,False
2026-06-12,20,87.05,20.2,False,False,False
2026-06-15,20,87.29,19.93,False,False,False
2026-06-16,20,87.57,18.34,False,False,False
2026-06-17,20,88.24,17.66,True,False,False
2026-06-18,20,89.93,27.87,True,False,False
2026-06-19,20,85.79,17.96,False,False,False
2026-06-22,20,88.38,21.75,True,False,False
2026-06-23,20,86.95,22.27,False,False,False
2026-06-24,20,86.84,24.75,False,False,False
2026-06-25,20,82.25,21.15,False,False,False
2026-06-26,20,83.71,19.09,False,False,False
2026-06-29,20,85.95,22.53,False,False,False
2026-06-30,20,88.29,21.75,True,False,False
2026-07-01,20,87.95,21.52,False,False,False
2026-07-02,20,86.47,16.06,False,False,False
2026-07-03,20,88.7,20.23,True,False,False
2026-07-06,20,85.75,13.71,False,True,False
2026-07-07,20,83.67,12.7,False,True,False
2026-07-08,20,85.74,17.18,False,False,False
2026-07-09,20,89.02,21.23,True,False,False
2026-07-10,20,84.81,18.52,False,False,False
2026-07-13,20,83.53,21.66,False,False,False
2026-07-14,20,86.98,17.67,False,False,False
2026-07-15,20,87.08,23.0,False,False,False
2026-07-16,20,88.14,22.34,True,False,False
2026-07-20,20,86.99,19.66,False,False,False
2026-07-21,20,89.57,27.47,True,False,False
2026-07-22,20,88.02,26.63,True,False,False
2026-07-23,20,87.62,18.21,False,False,False
2026-07-24,20,85.19,21.35,False,False,False
2026-07-27,20,86.87,24.87,False,False,False
2026-07-28,20,87.81,26.41,False,False,False
2026-07-29,20,81.55,15.28,False,False,False
2026-07-30,20,82.49,17.06,False,False,False
2026-07-31,20,85.91,17.38,False,False,False
2026-08-03,20,87.69,17.82,False,False,False
2026-08-04,20,89.14,21.44,True,False,False
2026-08-05,20,86.36,16.7,False,False,False
2026-08-06,20,87.69,16.67,False,False,False
2026-08-07,20,89.25,18.42,True,False,False
2026-08-10,20,89.82,23.65,True,False,False
2026-08-11,20,89.63,24.22,True,False,False
2026-08-12,20,88.89,21.32,True,False,False
2026-08-13,20,87.86,22.7,False,False,False
2026-08-14,20,88.92,18.49,True,False,False
2026-08-18,20,89.13,23.7,True,False,False
2026-08-19,20,87.75,17.59,False,False,False
2026-08-20,20,87.32,16.86,False,False,False
2026-08-21,20,87.42,18.73,False,False,False
2026-08-24,20,85.26,18.69,False,False,False
2026-08-25,20,88.0,19.93,True,False,False
2026-08-26,20,87.33,16.78,False,False,False
2026-08-27,20,88.05,17.82,True,False,False
2026-08-28,20,88.2,15.95,True,False,False
2026-08-31,20,89.75,19.49,True,False,False
2026-09-01,20,88.53,17.27,True,False,False
2026-09-02,20,86.89,16.98,False,False,False
2026-09-03,20,84.48,17.29,False,False,False
2026-09-04,20,87.85,16.29,False,False,False
2026-09-07,20,88.52,18.86,True,False,False
2026-09-08,20,86.6,16.36,False,False,False
2026-09-09,20,87.07,14.04,False,True,False
2026-09-10,20,89.33,17.23,True,False,False
2026-09-11,20,89.63,25.16,True,False,False
2026-09-14,20,88.12,17.05,True,False,False
2026-09-15,20,89.34,25.92,True,False,False
2026-09-16,20,89.2,23.7,True,False,False
2026-09-17,20,88.64,23.86,True,False,False
2026-09-18,20,88.3,15.54,True,False,False
2026-09-21,20,89.21,20.85,True,False,False
2026-09-22,20,88.88,22.41,True,False,False
2026-09-23,20,88.06,15.28,True,False,False
2026-09-28,20,89.94,24.14,True,False,False
2026-09-29,20,89.21,16.22,True,False,False
2026-09-30,20,88.16,15.02,True,False,False
