rank,stock_code,stock_name,sector,signal_date,close_price,score,volume_surge,close_strength,ret_3d_pct,ret_5d_pct,day_change_pct,short_ratio,reason
1,078860,아이오케이이엔엠,Unknown,2026-09-18,3175.0,90.0,17.38,1.0,22.82,18.47,29.86,,"거래량 17.4배, 종가강도 100%, 3일 +22.8%"
2,265740,엔에프씨,Unknown,2026-09-18,8250.0,90.0,6.77,1.0,22.04,16.2,29.92,,"거래량 6.8배, 종가강도 100%, 3일 +22.0%"
3,247660,나노씨엠에스,Unknown,2026-09-18,4490.0,90.0,3.37,1.0,12.81,15.57,8.32,,"거래량 3.4배, 종가강도 100%, 3일 +12.8%"
4,078350,한양디지텍,Unknown,2026-09-18,25550.0,88.5,3.13,0.925,48.12,45.5,14.32,,"거래량 3.1배, 종가강도 92%, 3일 +48.1%"
5,228850,레이언스,Unknown,2026-09-18,8350.0,88.1,29.88,0.905,17.44,15.97,14.38,,"거래량 29.9배, 종가강도 91%, 3일 +17.4%"
6,474610,RF시스템즈,Unknown,2026-09-18,7930.0,87.8,5.6,0.887,14.76,13.61,9.99,,"거래량 5.6배, 종가강도 89%, 3일 +14.8%"
7,456070,이엔셀,Unknown,2026-09-18,6620.0,87.5,156.48,0.877,24.44,21.92,26.1,,"거래량 156.5배, 종가강도 88%, 3일 +24.4%"
8,086670,비엠티,Unknown,2026-09-18,18040.0,87.5,7.88,0.961,7.06,6.62,8.22,,"거래량 7.9배, 종가강도 96%, 3일 +7.1%"
9,484120,도우인시스,Unknown,2026-09-18,23250.0,86.9,3.45,0.847,24.4,23.87,8.64,,"거래량 3.4배, 종가강도 85%, 3일 +24.4%"
10,264450,유비쿼스,Unknown,2026-09-18,10940.0,86.7,2.99,0.906,8.21,7.36,5.6,,"거래량 3.0배, 종가강도 91%, 3일 +8.2%"
11,420770,기가비스,Unknown,2026-09-18,113100.0,86.2,2.62,0.967,14.59,20.58,13.1,,"거래량 2.6배, 종가강도 97%, 3일 +14.6%"
12,144960,뉴파워프라즈마,Unknown,2026-09-18,10280.0,85.3,2.85,0.826,16.55,16.69,8.21,,"거래량 2.9배, 종가강도 83%, 3일 +16.6%"
13,338220,뷰노,Unknown,2026-09-18,5030.0,85.2,2.99,0.906,9.35,4.36,16.3,,"거래량 3.0배, 종가강도 91%, 3일 +9.3%"
14,228760,지노믹트리,Unknown,2026-09-18,11960.0,84.8,12.57,0.741,18.07,16.68,17.37,,"거래량 12.6배, 종가강도 74%, 3일 +18.1%"
15,032580,피델릭스,Unknown,2026-09-18,5780.0,84.6,3.68,0.731,17.24,13.78,10.94,,"거래량 3.7배, 종가강도 73%, 3일 +17.2%"
16,045100,한양이엔지,Unknown,2026-09-18,32100.0,84.2,3.18,0.761,12.43,7.9,6.29,,"거래량 3.2배, 종가강도 76%, 3일 +12.4%"
17,321370,센서뷰,Unknown,2026-09-18,1863.0,83.8,3.62,0.69,58.82,60.47,10.5,,"거래량 3.6배, 종가강도 69%, 3일 +58.8%"
18,125020,티씨머티리얼즈,Unknown,2026-09-18,6540.0,83.8,6.36,0.79,13.15,6.0,11.6,,"거래량 6.4배, 종가강도 79%, 3일 +13.1%"
19,258790,소프트캠프,Unknown,2026-09-18,6670.0,83.5,4.09,0.677,10.43,13.82,9.52,,"거래량 4.1배, 종가강도 68%, 3일 +10.4%"
20,012860,모베이스전자,Unknown,2026-09-18,2425.0,83.5,5.54,0.806,8.5,4.75,6.36,,"거래량 5.5배, 종가강도 81%, 3일 +8.5%"
