date,code,score,day_change_pct,ret_next_open_pct,gate_ok,r1_ok,heat_ok
2026-09-14,101730,90.0,29.84,3.653846153846163,False,True,False
2026-09-14,140430,90.0,29.81,13.144758735440941,False,True,False
2026-09-14,321820,90.0,29.94,1.0339734121122657,False,True,False
2026-09-14,109080,88.8,5.43,0.0,False,True,False
2026-09-14,456010,87.8,5.81,2.637362637362628,False,True,False
2026-09-14,184230,87.4,20.37,4.121475054229928,False,True,False
2026-09-14,360350,87.2,14.18,0.0,False,True,False
2026-09-14,344860,87.1,11.65,-0.9907529722589126,False,True,False
2026-09-14,173130,86.7,12.56,-1.1299435028248594,False,True,False
2026-09-14,033170,86.2,10.93,0.3016591251885359,False,True,False
2026-09-14,411080,85.9,25.23,8.695652173913038,False,True,False
2026-09-14,005160,85.5,23.03,-0.9600000000000053,False,True,False
2026-09-14,200350,85.3,23.32,-1.2727272727272698,False,True,False
2026-09-14,383930,84.9,10.07,0.7527504342790925,False,True,False
2026-09-14,056360,84.7,8.33,2.3931623931623847,False,True,False
2026-09-14,042510,84.3,20.47,4.424778761061954,False,True,False
2026-09-14,201490,84.3,13.5,-1.9292604501607746,False,True,False
2026-09-14,256840,84.2,13.73,0.0,False,True,False
2026-09-14,216080,83.8,8.86,0.0,False,True,False
2026-09-14,112040,83.0,6.07,-3.1325301204819245,False,True,False
2026-09-15,014950,92.9,26.11,-3.4217279726261762,False,True,False
2026-09-15,354200,90.0,29.94,7.034566403881137,False,True,False
2026-09-15,158430,90.0,29.84,1.267828843106189,False,True,False
2026-09-15,232830,90.0,29.78,29.850746268656714,False,True,False
2026-09-15,062970,90.0,29.98,6.25,False,True,False
2026-09-15,054920,90.0,29.78,9.94263862332696,False,True,False
2026-09-15,437730,89.3,29.8,-2.6565464895635715,False,True,False
2026-09-15,056190,88.0,15.43,-1.388888888888884,False,True,False
2026-09-15,061250,86.7,13.74,0.3236245954692629,False,True,False
2026-09-15,391710,86.5,24.75,-5.659121171770975,False,True,False
2026-09-15,199430,85.8,17.75,-2.9126213592232997,False,True,False
2026-09-15,474650,85.6,13.21,0.17421602787457413,False,True,False
2026-09-15,160190,84.3,24.69,-3.8000000000000034,False,True,False
2026-09-15,071200,83.6,14.5,-3.474903474903479,False,True,False
2026-09-15,114630,83.3,9.49,-2.811950790861162,False,True,False
2026-09-15,448900,82.9,12.17,-1.2987012987012991,False,True,False
2026-09-15,417200,82.6,8.64,2.049180327868849,False,True,False
2026-09-15,042510,82.3,14.69,-3.472222222222221,False,True,False
2026-09-15,278650,79.8,14.04,3.076923076923066,False,True,False
2026-09-15,413630,78.7,11.52,-0.4444444444444473,False,True,False
2026-09-16,406820,90.0,29.86,0.0,False,True,False
2026-09-16,049080,90.0,29.91,7.552320291173786,False,True,False
2026-09-16,088800,90.0,29.97,15.918367346938766,False,True,False
2026-09-16,232830,90.0,29.85,9.051724137931028,False,True,False
2026-09-16,348080,90.0,30.0,19.973009446693666,False,True,False
2026-09-16,432980,90.0,29.96,4.610492845786962,False,True,False
2026-09-16,371950,88.4,21.91,2.853067047075597,False,True,False
2026-09-16,219130,88.1,15.08,-4.01069518716578,False,True,False
2026-09-16,073540,88.1,5.91,1.1538461538461497,False,True,False
2026-09-16,439580,87.4,14.54,0.7692307692307665,False,True,False
2026-09-16,468530,86.9,13.61,-1.8433179723502335,False,True,False
2026-09-16,357580,86.9,26.03,4.347826086956519,False,True,False
2026-09-16,340450,86.7,11.06,-0.5943536404160454,False,True,False
2026-09-16,452280,86.6,21.61,2.923076923076917,False,True,False
2026-09-16,089790,86.4,7.17,0.0,False,True,False
2026-09-16,126340,86.3,15.34,5.053191489361697,False,True,False
2026-09-16,457370,86.2,19.24,-0.30832476875641834,False,True,False
2026-09-16,321370,85.3,19.1,-0.14316392269148048,False,True,False
2026-09-16,032500,85.0,12.01,2.388888888888885,False,True,False
2026-09-16,039560,84.7,11.83,0.0,False,True,False
2026-09-17,457370,90.0,29.91,-4.113924050632911,False,True,False
2026-09-17,478340,90.0,29.92,9.025270758122739,False,True,False
2026-09-17,348080,90.0,29.96,25.856697819314633,False,True,False
2026-09-17,042370,90.0,30.0,0.08741258741258306,False,True,False
2026-09-17,285800,89.5,29.93,17.227319062181444,False,True,False
2026-09-17,078350,88.4,25.49,-1.342281879194629,False,True,False
2026-09-17,484120,87.4,17.78,-1.6355140186915862,False,True,False
2026-09-17,063440,87.3,8.12,-0.7414272474513428,False,True,False
2026-09-17,295310,87.1,13.88,0.49423393739702615,False,True,False
2026-09-17,209640,86.7,23.62,0.0,False,True,False
2026-09-17,033640,86.6,8.74,0.5607476635514086,False,True,False
2026-09-17,067920,86.4,7.28,0.8077544426494443,False,True,False
2026-09-17,488900,86.2,13.68,-3.9571310799670245,False,True,False
2026-09-17,039200,86.0,9.02,0.4005340453938633,False,True,False
2026-09-17,365900,86.0,4.18,-0.7299270072992692,False,True,False
2026-09-17,201490,85.9,20.7,-3.6677454153182354,False,True,False
2026-09-17,007530,85.7,20.28,6.2745098039215685,False,True,False
2026-09-17,200470,85.7,13.09,2.57142857142858,False,True,False
2026-09-17,321820,85.3,15.63,-18.622448979591834,False,True,False
2026-09-17,234030,85.2,19.93,-1.0115606936416222,False,True,False
2026-09-18,078860,90.0,29.86,0.0,False,True,False
2026-09-18,265740,90.0,29.92,0.0,False,True,False
2026-09-18,247660,90.0,8.32,-3.006681514476617,False,True,False
2026-09-18,078350,88.5,14.32,-0.5870841487279899,False,True,False
2026-09-18,228850,88.1,14.38,-0.8383233532934131,False,True,False
2026-09-18,474610,87.8,9.99,0.8827238335435084,False,True,False
2026-09-18,456070,87.5,26.1,3.1722054380664666,False,True,False
2026-09-18,086670,87.5,8.22,0.8314855875831473,False,True,False
2026-09-18,484120,86.9,8.64,-1.9354838709677469,False,True,False
2026-09-18,264450,86.7,5.6,0.5484460694698434,False,True,False
2026-09-18,420770,86.2,13.1,-1.7683465959328015,False,True,False
2026-09-18,144960,85.3,8.21,1.0700389105058328,False,True,False
2026-09-18,338220,85.2,16.3,11.332007952286283,False,True,False
2026-09-18,228760,84.8,17.37,1.8394648829431537,False,True,False
2026-09-18,032580,84.6,10.94,-3.114186851211076,False,True,False
2026-09-18,045100,84.2,6.29,-0.4672897196261627,False,True,False
2026-09-18,321370,83.8,10.5,-1.2882447665056307,False,True,False
2026-09-18,125020,83.8,11.6,-1.3761467889908285,False,True,False
2026-09-18,258790,83.5,9.52,-1.9490254872563728,False,True,False
2026-09-18,012860,83.5,6.36,-0.20618556701030855,False,True,False
2026-09-21,393210,90.0,29.97,9.80392156862746,False,True,False
2026-09-21,210120,90.0,30.0,-6.153846153846154,False,True,False
2026-09-21,049470,90.0,29.95,13.24863883847549,False,True,False
2026-09-21,033170,90.0,30.0,9.838998211091244,False,True,False
2026-09-21,036810,89.4,11.44,0.6622516556291425,False,True,False
2026-09-21,328130,89.2,18.21,-3.923444976076551,False,True,False
2026-09-21,144960,88.6,16.73,0.16666666666667052,False,True,False
2026-09-21,232140,88.5,19.65,0.42105263157894424,False,True,False
2026-09-21,460870,88.3,9.22,1.655629139072845,False,True,False
2026-09-21,388210,88.1,10.51,3.9024390243902474,False,True,False
2026-09-21,032580,88.1,13.32,0.7633587786259444,False,True,False
2026-09-21,163730,87.5,8.51,0.5535055350553542,False,True,False
2026-09-21,253590,87.2,6.37,3.7634408602150504,False,True,False
2026-09-21,039440,87.1,5.94,0.9345794392523255,False,True,False
2026-09-21,425040,87.0,24.95,1.170046801872071,False,True,False
2026-09-21,053610,86.8,5.56,7.8947368421052655,False,True,False
2026-09-21,094360,86.7,9.92,1.2531328320801949,False,True,False
2026-09-21,122640,86.3,10.36,0.6153846153846176,False,True,False
2026-09-21,047920,86.1,23.19,-3.1372549019607843,False,True,False
2026-09-21,114810,85.7,9.99,1.5861571737563196,False,True,False
2026-09-22,299170,90.0,29.94,2.783171521035599,False,True,False
2026-09-22,109670,90.0,29.93,29.8745724059293,False,True,False
2026-09-22,303810,90.0,29.98,5.766062602965394,False,True,False
2026-09-22,486990,90.0,29.97,8.203991130820398,False,True,False
2026-09-22,299660,90.0,29.95,3.9861351819757473,False,True,False
2026-09-22,393210,90.0,30.0,-0.15082956259426794,False,True,False
2026-09-22,059090,88.6,13.11,-1.9911504424778736,False,True,False
2026-09-22,159010,87.0,8.02,2.680412371134011,False,True,False
2026-09-22,323350,86.8,16.58,-1.1591148577449917,False,True,False
2026-09-22,039010,86.4,6.64,0.5875440658049458,False,True,False
2026-09-22,290720,85.1,5.2,1.976935749588149,False,True,False
2026-09-22,187870,85.0,7.07,1.070472792149868,False,True,False
2026-09-22,038010,84.4,5.11,0.7476635514018781,False,True,False
2026-09-22,136150,84.3,7.84,0.2272727272727204,False,True,False
2026-09-22,038870,83.9,4.11,0.0,False,True,False
2026-09-22,214430,83.7,5.45,-1.2931034482758674,False,True,False
2026-09-22,065680,83.3,16.52,0.5825242718446644,False,True,False
2026-09-22,085910,83.2,13.11,2.506265664160412,False,True,False
2026-09-22,439580,82.4,13.87,-2.2435897435897467,False,True,False
2026-09-22,068930,82.3,9.5,1.3584117032392928,False,True,False
2026-09-23,396300,90.0,29.95,-4.991680532445919,False,True,False
2026-09-23,131100,90.0,30.0,15.384615384615374,False,True,False
2026-09-23,054780,89.8,19.98,2.943018159048205,False,True,False
2026-09-23,114810,88.6,9.16,-2.3696682464455,False,True,False
2026-09-23,357780,88.2,9.79,0.0,False,True,False
2026-09-23,048910,87.3,6.46,0.7052186177715081,False,True,False
2026-09-23,042000,86.9,20.2,-2.773155851358844,False,True,False
2026-09-23,445180,86.7,12.64,0.5555555555555536,False,True,False
2026-09-23,083310,86.6,4.42,0.9009009009008917,False,True,False
2026-09-23,071280,86.5,10.15,-0.9962640099626441,False,True,False
2026-09-23,159010,86.4,22.89,0.3355704697986628,False,True,False
2026-09-23,079370,86.2,15.25,-0.3891050583657574,False,True,False
2026-09-23,389650,86.0,14.49,0.92592592592593,False,True,False
2026-09-23,393210,86.0,22.47,-6.034482758620685,False,True,False
2026-09-23,419050,85.8,20.77,0.051652892561993013,False,True,False
2026-09-23,468530,85.7,18.27,5.820105820105814,False,True,False
2026-09-23,246960,85.6,11.25,2.757352941176472,False,True,False
2026-09-23,255220,85.5,6.31,0.0,False,True,False
2026-09-23,340450,85.3,12.21,0.3667481662591676,False,True,False
2026-09-23,417840,84.6,7.56,-0.4098360655737654,False,True,False
2026-09-28,387690,94.9,22.02,0.0,False,True,False
2026-09-28,256840,90.0,29.98,5.2554744525547425,False,True,False
2026-09-28,196300,90.0,30.0,0.0,False,True,False
2026-09-28,187420,90.0,29.83,0.21551724137931494,False,True,False
2026-09-28,024850,90.0,29.99,-3.0995934959349603,False,True,False
2026-09-28,046210,90.0,29.95,6.703910614525133,False,True,False
2026-09-28,360350,89.0,28.25,-5.286343612334798,False,True,False
2026-09-28,052860,88.9,12.22,0.0,False,True,False
2026-09-28,105740,88.6,20.83,-0.10384215991692258,False,True,False
2026-09-28,206560,88.0,8.33,-2.0979020979020935,False,True,False
2026-09-28,052790,87.5,21.75,0.2053388090349051,False,True,False
2026-09-28,094860,87.1,14.6,0.0,False,True,False
2026-09-28,452190,87.0,14.8,0.37105751391466324,False,True,False
2026-09-28,303810,85.6,22.32,-1.6058394160583966,False,True,False
2026-09-28,208370,85.5,17.06,2.0036429872495543,False,True,False
2026-09-28,091120,85.2,13.25,0.0,False,True,False
2026-09-28,383930,85.1,21.14,-0.05102040816326037,False,True,False
2026-09-28,083500,85.1,8.03,0.6069802731411222,False,True,False
2026-09-28,389030,84.8,21.45,-1.4861995753715496,False,True,False
2026-09-28,085670,84.4,12.08,-1.5804597701149392,False,True,False
2026-09-29,052260,90.0,29.9,0.17636684303350414,False,True,False
2026-09-29,950250,90.0,30.0,3.4443168771526977,False,True,False
2026-09-29,462510,90.0,29.95,6.1957868649318515,False,True,False
2026-09-29,323280,89.3,13.33,-0.18518518518518823,False,True,False
2026-09-29,219130,89.3,9.77,1.978021978021971,False,True,False
2026-09-29,032960,89.1,17.05,-3.4172661870503607,False,True,False
2026-09-29,036200,89.0,11.54,-0.7662835249042099,False,True,False
2026-09-29,264660,88.9,5.41,0.7628294036061023,False,True,False
2026-09-29,261520,88.3,9.28,2.123893805309729,False,True,False
2026-09-29,251370,88.2,5.93,2.3809523809523725,False,True,False
2026-09-29,161580,87.1,12.24,5.064935064935061,False,True,False
2026-09-29,018290,86.6,7.3,-1.0526315789473717,False,True,False
2026-09-29,039440,86.4,9.11,0.659340659340657,False,True,False
2026-09-29,355690,86.3,5.48,0.0,False,True,False
2026-09-29,083450,86.0,7.09,-0.5671077504725952,False,True,False
2026-09-29,104830,85.9,7.04,3.552631578947363,False,True,False
2026-09-29,101160,85.9,6.61,0.0,False,True,False
2026-09-29,002680,85.5,7.11,0.0,False,True,False
2026-09-29,176750,85.5,12.25,-4.281767955801108,False,True,False
2026-09-29,073570,85.4,5.06,0.0,False,True,False
2026-09-30,097800,90.0,29.98,0.0,False,True,False
2026-09-30,382800,90.0,11.8,-0.5025125628140725,False,True,False
2026-09-30,023790,90.0,29.99,13.945578231292522,False,True,False
2026-09-30,169330,89.0,7.89,-4.504504504504503,False,True,False
2026-09-30,290650,87.5,9.51,-1.737451737451734,False,True,False
2026-09-30,099430,87.3,7.53,-0.42016806722688926,False,True,False
2026-09-30,450950,87.3,10.71,-1.4516129032258074,False,True,False
2026-09-30,360350,87.0,23.96,0.0,False,True,False
2026-09-30,200470,86.8,13.8,-0.8583690987124415,False,True,False
2026-09-30,013990,86.7,5.04,0.0,False,True,False
2026-09-30,291650,85.9,19.35,-2.895322939866374,False,True,False
2026-09-30,112290,85.7,14.75,-0.5658852061439013,False,True,False
2026-09-30,234690,85.6,6.9,-0.3027245206861706,False,True,False
2026-09-30,053260,84.9,22.69,6.535141800246613,False,True,False
2026-09-30,119830,84.5,9.53,0.0,False,True,False
2026-09-30,072950,84.4,12.11,-1.2516469038208133,False,True,False
2026-09-30,039610,84.1,12.27,5.169867060561306,False,True,False
2026-09-30,397030,83.1,8.08,-1.08910891089109,False,True,False
2026-09-30,084990,82.6,18.85,-1.834862385321101,False,True,False
2026-09-30,299030,82.5,7.12,0.34965034965035446,False,True,False
